text,class
เกลียด ชอบหลอกให้สั่งซื้อ ที่ไหนได้ไม่มีสินค้า,0
สินค้าด้อยคุณภาพ,0
สินค้าหมดทำไมไม่แจ้งขึ้นว่าหมดอะ กดใส่ตะกร้าไปเถอะ เซ็งเรย,0
อย่าทำแบบนี้กับใครอีกนะคะแย่มากค่ะ,0
คือแบบผิดหวังมาก แย่ที่สุดได้ของมาฝาแตก แตกนิดหน่อยไม่ว่าแตกเยอะมาก ครั้งเดียวพอจบแยก??,0
ส่งช้าจัง รอนานมาก ยกเลิกก้อไม่ได้,0
แย่มากกกกกกค่ะ เอาของพังมาให้ฉุนมากค่ะไม่พอใจเป็นอย่างมากค่ะ  ส่งของ ก็ไม่ได้ใบเสร็จ  ไม่ไหวจะเคลียร์,0
ไม่แนะนำซื้อมาใช้ได้วันเดียวใช้ไม่ได้แล้ว,0
แย่ๆสั่งสินค้าไปหลายวันแล้วไม่ส่งให้สักทีเหนื่อยกับการรอคอย,0
เสียความรู้สึกอย่างมาก สวยแต่ในรูปใส่ได้ครั้งเดียว ไม่ดี,0
ยอดเยี่ยมค่ะ ราคาเหมาะสม บอกต่อได้เลยค่ะ,1
สวยค่ะ เหมือนในรูปเลย ชอบค่ะ ส่งของไวมากก,1
ใช้ดีค่ะหนานุ่มและขาวขึ้น,1
จัดส่งเร็วมาก สะดวกดี ของจริงขนาดใหญ่กว่าที่คิดไว้ แต่ใช้งานได้ดี,1
ชอบสินค้ามาก ไม่ผิดหวังที่รอ สวยยันบรรจุภัณฑ์คับ,1
สินค้าส่งรวดเร็ว พอใจในสินค้าครับ,1
สินค้าคุณภาพดี แข็งแรง เสียงดี เด็กๆ ชอบ และยังส่งเร็วด้วยค่ะ,1
ราคากับคุณภาพของสินค้ามีความเหมาะสม ใช้งานง่าย,1
ส่งของไว ห่อพัสดุดี  ของใช้งานเยี่ยม,1
สวยค่ะ การจัดส่งก็รวดเร็วดีค่ะ,1
ใช้เดือนเดียวพังแย่ๆมากๆ,0
เสียใจความรู้สึกมากกระเป๋าบางมากไม่ตรงกะแบบสินค้าที่ลงการแพ็คของส่งก็แย่เอาถุงดำที่ใส่ขยะแถมสกปรกมาก,0
การส่งของแย่มาก ขนาดตะโกนว่ารอเดี๋ยว ยังโยนสินค้าข้ามรั้ว ถ้าโน้ตบุคเสียหายจะทำยังไง,0
ใช้ในรถระบบเสีย พังใช้ต่อไม่ได้,0
ผิดหวัง ลบไม่ออก,0
หมดอายุแล้วไม่ควรเอามาลงขายค่ะเสียใจผิดหวังมากๆค่ะกว่าจะหมดแพงด้วยนะ,0
ส่งช้ามาก ตอนนี้ยังไม่ได้ของ,0
ได้รับของแล้วผิดหวังมาก ไม่ดีเลยค่ะ,0
สินค้าไม่มีคุณภาพสายกางเกงไม่เท่ากัน,0
ช้าสุดๆรอจนรำคาญละ,0
คุณภาพคุ้มค่าครับ,1
ส่งเร็วดี ใช้ดีคุ้มมาก ราคาถูก,1
ได้รับสินค้าเร็วค่ะ และสินค้าก็มีคุณภาพ สวมใส่สบายตัวมากๆๆ เลยค่ะ,1
ได้รับของเร็วมาก แถมสินค้าได้ตามต้องการสวยมาก,1
รับประทานดีอยู่นะครับ มองเห็นความเปลี่ยนแปลงของร่างกาย ทานแล้วรู้สึกว่าดีนะ,1
ใช้ได้ดีเหมาะกับราคานี้ ก็สรุปว่าดีครับ,1
สินค้าใช้แล้วดีมากไม่ทำให้ลูกแพ้เลยแถมราคาถูกกว่าในห้างและตามร้านค้าอีก,1
ใช้งานดีมากส่งของก็เร็วของครับ,1
ส่งไวมาก สั่งตอนเย็น ตอนเช้าได้แล้ว สินค้าแพ็คมาดีมาก ใช้งานได้ปกติไม่มีปัญหาอะไร ถือว่าคุ้มค่าสุดๆครับ,1
วัสดุค่อนข้างดีนับว่าคุ้มราคาครับ,1
สินค้าไม่เหมือนในรูป ผิดหวังมาก เย็บไม่ดีเลย,0
ใช้แล้วสิวขึ้นเต็มเลยไม่รู้แพ้รึเปล่า....เซ็งเลยเหลือตั้งเยอะเสียดายมาก,0
คุณภาพแย่มากใช้งานไม่ได้แม้แต่ครั้งเดียว,0
ผิดหวังมาก ไม่แนะนำให้ใช้ค่ะ,0
สรุปแพงกว่าท้องตลาดคะแย่มากเสียความ,0
รู้สึกผิดหวังมาก ไม่ใช่แบบที่หวังไว้เลยย,0
แย่มากๆๆๆๆ ไม่ส่งของแถมมาให้ตามที่โฆษณา ,0
งานไม่ค่อยดี ไม่สมกับราคา,0
แย่มากเลย นมใกล้หมดอายุ ครั้งนี้ครั้งสุดท้ายนะคะที่จะสั่ง,0
ใช้ได้ไม่กี่เดือนก็พังล่ะยังใช้ไม่คุ้มกับราคาที่ซื้อมาเลย,0
ใส่สบายสั่งหลายรอบแล้วจร้าาา,1
ส่งของรวดเร็วดี คุณภาพใช้ได้ค่ะ,1
ใช้งานได้ดีราคาไม่แพงมาก,1
ชอบที่ส่งเร็วมากครับ ทันใจดีจิงๆ,1
รับของไว พนักงานส่งของดีมาก คุณภาพคุ้มราคา,1
ดีครับ คุ้มค่าคุ้มราคา น่าจะใช้งานได้ทนทานมือใหม่น่าเอามาใช้ครับ,1
คุณภาพพอใช้ได้  ดูบอบบางจัง ต้องดูระยะการใช้งานระยะยาวค่ะรวม ๆ ถือว่าโอเคค่ะ,1
สินค้าแพคอย่างดี ที่สำคัญส่งขอเร็วมาก คิดว่าจะได้ช้าเสียอีก,1
ส่งของไวมาก แต่ราคาขึ้นลงบ่อย ต้องเข้ามาเช็คราคาบ่อยๆ แต่คุ้มแน่นอนค่ะ เลือกซื้ออันนี้ไม่ผิดหวังค่ะ,1
ได้รับของเร็วมาก กระทะร้อนเร็ว ทำอาหารได้หลายอย่างเลยค่ะ ชอบมาก,1
เสียดายที่ไว้ใจใช้บริการผิดหวังมาก เอาสินค้าของคุณคือไปเถอะ แล้วคืนเงินให้เรา แย่มากๆๆๆๆๆๆๆๆๆๆๆๆๆๆ,0
แย่มากอย่าสั่งนะ,0
แย่มาก รูปดูสวยหรูดีนะ แต่มาเจอของจริงนี่แย่สุดๆ สินค้าไม่สมกับราคาเลย ,0
แย่มากเสียดายเงิน,0
สินค้ามีรอยตำหนิ เป็นรอยง่าย ,0
สินค้าคุณภาพแย่มาก วัสดุเหมือนหมดอายุแล้ว,0
สินค้าส่งมาแตกหัก ยังไม่ได้ประกอบเลย เสียความรู้สึก,0
ซื้อแล้วผิดหวังสินค้าไม่มีคุณภาพ,0
แย่มาก บิดน้ำไม่แห้ง เสียดายตังมาก,0
ตกใจมาก โคตรแย่ ก่อนหน้านี้ใช้ดี ชอบมาก ปลอดภัยดี ตอนระเบิดมีกลิ่นไหม้กับประกายไฟ,0
สินค้าใช้ดีสีสดใช้จนถึงทุกวันนี้,1
ร้านนี้ ขายสินค้าตรงตามประกาศ ส่งตามกำหนด สินค้าใช้งานดี,1
ถูกกว่าในห้างเยอะเลยครับ ภาพชัด สินค้าใหม่ พนักงานบริการดีมาก สั่งสินค้ากับลาซาด้าไม่เคยผิดหวังเลยครับ,1
แรงดี หน้าจอใหญ่ ส่งของเร็ว พอใจครับ,1
จอใหญ่มาก คุณภาพเสียง ชัดเจนดีมาก โดยรวมแล้วคุ้มค่ามาก,1
พกพาสะดวก ได้ของเร็ว,1
โอเคมาก เป็นอย่างที่คาดหวังไว้ เยี่ยม,1
ได้สินค้าภายในสองวัน OK นะครับ สมราคา ใช้งานได้ปกติ,1
ดีมากๆๆคะ ได้เร็ว แพ๊คดี สินค้าสภาพดี ราคาถูก ไม่ต้องไปเดินช๊อปเอง ดีคะ,1
ส่งของรวดเร็วมาก สินค้าใหม่ด้วย โดยรวมให้คะแนนเต็มครับ,1
ไม่พึงพอใจเลย  สินค้าผลิตจากพลาสติกด้อยคุณภาพ  ก๊องแก๊งมาก,0
แพ็คของไม่ดีมากเลยครับข้างในกล่องฉีกขาดไม่สวยเลย,0
คุณภาพสินค้าไม่น่าประทับใจ,0
วัสดุแย่ ขาดง่าย เสียดายเงิน,0
อย่าขายเลย ยกเลิกโปรนี้เถอะ เสียความรู้สึก ดูมาหลายเดือนละ,0
แบตแย่มากค่ะ หมดเร็วมาก รับประกันไม่ได้ชวยอะไรเลย ,0
เห็นแล้วรู้สึกแย่ ไม่มั่นใจในสินค้าร้านนี้,0
คุณภาพแย่มากค่ะ ใช้ครั้งแรกมีกลิ่นไหม้ออกมาเลยแถมข้าวไม่สุกด้วย,0
เสียเวลามากๆ กว่าจะทำเรื่องคืนเงินได้ ของก็ต้องใช้ ต้องไปซื้อใหม่ เสียเงินซ้ำอีก ระบบการทำงานแย่มาก ส่งผิดรุ่นได้,0
หลอกลวง ต้มตุ๋น เอาของปลอมมาขาย ร้านโจร,0
ส่งเร็วทันใช้ตามความต้องการ,1
เนื้อผ้าดีแต่ไม่หนา เซ็กซี่ดีแต่ไม่โป๊ะ คุณภาพสมกับราคา,1
ง่ายดีไม่ต้องหาซื้อให้ยุ่งยาก,1
สมราคาค่ะ ภาพชัดเจน เทียบกับยี่ห้ออื่นราคาถูกกว่า,1
สวยมาใช้งานง่ายมากที่สำคัญส่งเร็วมาก,1
เสียงดี ส่งเร็ว ราคานี้คุ้มครับ ,1
ใช้ดียังไม่มีปัญหาอะไรค่ะชอบมาก,1
สเป็คถือว่าโอเครเลยคับ ไหลลื่นดีไม่มีสะดุด สมกับราคา และคุ้มค่ามากๆเลย,1
ใช้ดีส่งของไว มากเจ้านี้  วัสดุคุณภาพจริงจริง,1
แพคของเรียบร้อยดีค่ะ ส่งเร็ว ไว้จะสั่งอีกนะคะ?,1
เกรดต่ำเหมือนกับว่าเอาของถูกๆมาคละกัน,0
สั่งซื้อแล้วอยู่ดีๆมายกเลิก เสียความรู้สึกเลยครับ,0
ไม่เป็นไปตามที่โฆษณา ส่งสินค้าไม่ตรงตามกำหนด เมื่อสินค้ามีปัญหาไม่รับผิดชอบใด ,0
ไม่ซึมซับลูกอับชื้นโฆษณาเกินจริงเสียเงินฟรีไม่คุ้มแย่มาก,0
ไม่มีคู่มือ แย่มากครับ กล่องก็ไม่มี ใส่ถุงมาให้ ทุเรศมากครับ,0
สินค้าไม่ตรงปก ของคุณภาพร้อยกว่าบาท แย่ๆ,0
แย่มากๆสั่งของจ่ายเงิน แต่ไม่ได้ของ!,0
ใช้ได้แป็บเดียวพังแล้ว,0
สินค้าชำรุด ส่งมาถึงแกะดู สินค้าแตก,0
ซื้อมายังไม่ทันเล่นเลยพังซะแล้ว,0
ผ้านิ่ม เด้งๆ ดีกว่าที่คิดไว้ ชอบคะ,1
โอเครค่ะได้สินค้าตามรูปผ้าใส่สบาย,1
เสื้อสวยถูกใจค่ะส่งเร็วทันใจดี,1
คุณภาพเหมาะสมกับราคา ใช้งานOK ต่อดูภาพจากคอมชัดมาก จัดส่งเร็วดี,1
เนื้อผ้าดีมากๆๆๆๆเกินราคา กำลังจะสั่งเพิ่มอีก ช้าหน่อยแต่ได้มาไม่ผิดหวังเลยค่ะ,1
ใช้ดี ราคาไม่แพงเกินค่ะ พอใจมาก,1
ใช้ดีมากค่ะ ช่วยให้หน้าตึงขึ้น หน้าไม่เหี่ยว  เราใช้มาตลอดค่ะ สั่งอีกแน่,1
จากการพิสูจน์เป็นหนังแท้ เลือกไม่ผิด งานเย็บละเอียด ชอบครับ ,1
แพ็คสินค้าดี สินค้าคุณภาพ สมราคา แฟนประทับใจครับ,1
ส่งของได้เร็วมาก สินค้าใช้ได้ดีไม่มีปัญหา คุ้ม,1
เสียความรู้สึกค่ะมาไม่ตรงที่สั่ง,0
มันผิดพลาดอะไรหรือลงรูปเพื่อหลอกให้คนสั่งซื้ออธิบายหน่อย,0
สินค้าคุณภาพไม่ค่อยดี,0
สินค้ามีตำหนิ แย่มากๆ ไม่ไหวๆเลย ถ้ามีตำหนิก็บอกด้วยครับ จะได้ทำใจก่อนซื้อ,0
เปราะบางมากความแข็งแรงน้อย มันง่ายต่อการแตกหัก,0
ขนส่งก็ช้าสินค้ามีตำหนิแพ็คสินค้าไม่ดีมีรอยบุบ,0
สินค้าเหมือนของปลอม เนื่อครีมเหมือนซอง 10 บาท บรรจุภัณฑ์เหมือนก๊อปมา ไม่เหมือนของจริง เสียดายตังค์ ซื้อมาทิ้ง,0
รายการไม่ดี ที่จับไม่ดีและสั้น,0
ไม่,0
ไม่เรื่อง,0
ทำกลับไม่,0
ช่างเลวจริงๆ,0
ผลงานย่ำแย่จนใกล้ตกชั้น,0
อึดอัดไม่รัก,0
ปวดหัวแท้ล้า,0
ไม่เงินโว้ย,0
ขี้เกียจล้านตัว,0
แย่ว่ะ,0
ทำไมวะ,0
ไม่ชอบ,0
ร้อนตัวหรอ,0
ไม่น่ารัก,0
อำลานี้ไม่เจออีกน่ะ,0
เวลาเหนื่อยนี่บ่นใครบ้าง,0
เสีย,0
เสียความรู้สึก,0
นกบ่อยขนาดนี้ควรไปตายเกิดใหม่เถอะ,0
เจ็บเจ็บอีก,0
อิจฉาจัง,0
ไม่ต่างสัตว์เดรัจฉาน,0
หยังอายคิดอาย,0
ทุเรศ,0
ลั่นเบศพ,0
ทุเรศสุด,0
แบล็กลิสต์,0
เพ้อเจ้อคิดไปเอง มโนไปเอง,0
ไม่ซาบซึ้ง,0
ถูกทัณฑ์ทารุณแห่งนรก,0
ข่มขู่บีบบังคับ,0
เดี๋ยวเสียทีหลัง,0
เธอมองข้าม,0
อย่างนี้ไงถึงไม่อยากให้รู้เพราะว่าวุ่นวายเเค่นี้ก็พอเเล้ว,0
หลอกให้รัก,0
เเล้วทิ้งไป,0
ขี้คร้าน,0
อยู่ใกล้เอื้อมไปหาไม่ได้,0
สวยไงขนาดครีมยังขี้เกียจทา,0
เมื่อยๆๆร่างกายอ่อนเพลีย,0
ไม่มีน้ำหนัก,0
ตำหนิ,0
น้อย,0
ไม่เคย,0
หัวร้อน,0
ยากกว่ากูหลายเท่า,0
เพราะผิดหวังเยอะ,0
เจ็บเยอะ,0
นิ่งเสีย,0
เสียน้ำตา,0
มันแย่,0
เบื่อจริงๆ,0
เสื่อม,0
เรื่องนี้บางครั้งมันเกินขอบเขตของคำว่าพอเกินไป,0
ว่างไม่อะไรทำ,0
ไม่สร้างสรรค์,0
สนุกบนความทุกข์ความไม่สบายของคนอื่น,0
กลัวเจ็บ,0
เจ็บ,0
ราคาแพงเกินไปไม่คุ้ม,0
ทนการเมินใส่เเต่ไม่บอกเลิก,0
เลิกเถอะ,0
ชอบขี้งอนและน้อยใจ,0
มันรู้สึกเหนื่อยจนไม่รู้ว่าระบายออกยังไง,0
ฟุ้งซ่าน,0
หิวขี้เกียจลุกไปกิน,0
เครียดปวดหัว,0
มันเจ็บๆหัวว่ะ,0
ล้มโดนเหยียบซ้ำโดนนินทาสารพัดผิดไปหมด,0
เหี้ย,0
อันตรายสุด,0
อันตรายกว่าที่คิด,0
ร้องไห้เสียการลาจาก,0
เบื่อละคร,0
ฆ่าตัวตายจากปัญหาความเครียด,0
สังเวยชีวิต,0
น่ากลัวคือสังเวยชีวิต,0
อีเหี้ย,0
เหี้ยกว่านั้นคือกูร้องไห้ตาม,0
ความตาย,0
ขู่ให้ลบทันที,0
โบกมืออำลา,0
เสียกสอบไม่ติด,0
กูโง่ขนาดนั้นหรอ,0
ความรู้สึกกูเหี้ย,0
ผิดเองไม่พร้อม,0
ประกาศช้า,0
ไม่อยากลุ้น,0
หมดอารมณ์,0
สอบไม่ติดเสียหลาย,0
เหนื่อย,0
อย่างน้อยเพราะทำไม่ทัน,0
โครตผี,0
โดดเดี่ยวไม่มีใคร,0
เหนื่อยจนไม่อยากทำอะไรละ,0
ไม่มีใครให้กำลังใจ,0
หยิ่งเกินไป,0
ฝันสลาย,0
เหมือนฟ้าผ่าฟาดกลาง,0
แพ้,0
คือสุดยอดแห่งความห่วยแตก,0
ความกังวล,0
เจ็บ สุดๆด้วย,0
หลอกแฟนๆ ด้วยมุขเดิมๆ,0
หายหน้าหายตา ร้างราไปจากวงการตามกาลเวลา,0
ยอมแพ้ ไม่รู้ทำยังไง,0
ทอดทิ้ง,0
ทุกอย่างไร้ค่า,0
หวังอะไรลมๆ แล้งๆ ,0
น้ำใต้ศอก,0
ขายขี้หน้า,0
ไม่เห็นอะไร,0
ไม่รู้หวังอะไร,0
กลัวว่ามันไม่อนาคต,0
อันนี้ค่อนข้างแย่อยู่,0
ทำร้ายร่างกาย,0
รำคาญ,0
น่าเสียดาย,0
ลำบาก,0
ถึงไม่รัก,0
ทรนเหมือนกันทำไม,0
ฉันเสียเธอไป,0
มันยิ่งทำให้เค้าเจ็บปวด,0
เจ็บแทบตาย,0
ความหวังสุดท้ายหายไปละ,0
โคตรทรน,0
ท้อหมดแรง,0
แพ้ให้ความไม่ชัดเจน,0
ไม่พอ,0
จนไม่เงินซื้อ,0
หลอกว่ายังรักไหม,0
พลาดหลายๆอย่างสำคัญไป,0
พบการทุจริตคอรัปชั่น,0
ให้ยากกว่าเดิม,0
ไม่ความหย,0
ออกอย่างรุนแรง,0
ความน่ากลัว,0
กลิ่นเหม็นจากดาวมรณะ,0
อาคารบังอาจมองไม่เห็น,0
แย่จัง,0
กูปากชอบด่า,0
หลอกให้รักจากไป,0
ไม่เห็นค่า,0
ไม่ใครเห็นค่า,0
ใส่กูเกินไป,0
เกินพอเกินไป,0
ร้องไห้งอแงไม่ปลอบ,0
กำแย่,0
เจ้าชู้,0
หน้าแบบเซ็งกู,0
ขัดจังหวะ,0
ร้องไห้หนักก,0
หงุดหวิดโว้ย,0
ข่มขู่บังคับอยู่ยาก,0
ไม่เต็ม,0
ไอ้สัส,0
ปวดหัวหัวระเบิด,0
ตายห่าไป,0
บีบคอตาย,0
เสื่อมพัง,0
ดวงไม่ดี,0
ไล่ออก,0
กลัวจุดจบแบบนี้ั,0
เลวร้าย,0
หลงไปเสียหาย,0
ลำพังหนาว,0
ปัญหา,0
พูดให้ร้าย,0
ทำชั่ว,0
คำตอแหล,0
สงสาร,0
โหยหา,0
ดราม่าเยอะ,0
โครตกาก,0
ทำงานบกพร่องจนทำให้เดือดร้อน,0
เศร้าเสีย,0
ท้อแท้หมดกำลัง,0
ง่วง,0
ข้อสอบ,0
อ่อนแอไร้ค่าไร้ความหมาย,0
รบกวน,0
เย็นชาไม่สนใคร,0
อพยพหนีน้ำ,0
ความทุกข์ยากลำบาก,0
ล้อเล่นความรู้สึก,0
สลดหนุ่มเตกคลองดับซัดเห็นมัวถ่ายรูปไม่ช่วย,0
เสียชีวิตสลดเจ็บสาหัส,0
หลอก,0
น้ำป่าไหลท่วมฉับพลัน,0
จมน้ำตายต่อหน้า,0
สลดแม่ยักษ์ทิ้งลูกในไส้บนซากกองขยะ,0
ขี้กลัวโดนผีหลอก,0
แย่ลงไปหมด,0
หมดศรัทธา,0
ลอบสังหาร,0
เขย่าขวัญน่ากลัว,0
ฉันตื่นสายพลาดไปไม่ทันรถ,0
พลาดไปเสีย,0
ยอมแพ้,0
ดราม่าหนัก,0
เรียกร้องให้แบน,0
วายร้าย,0
ยังไม่แห้ง,0
นินทา,0
ไม่สบาย,0
ไม่ใส่,0
ขี้ลืม,0
ลืม,0
ไม่แข็งพอ,0
เกลียดหน้ามึงอ่ะ,0
ของไม่ตรงตามสั่งแม่งเสียความรู้สึกควย,0
ไม่ใครจดจำ,0
งานท่วมหัวทำตัวเหมือนว่าง,0
แปลกหน้าไม่ใครรู้จัก,0
โดนเทมันทำให้พัง,0
น้อย,0
อย่าให้พูดกวนก,0
ยาโคตรขมไม่อร่อยรสชาติแย่,0
ตอบยากจังว่ะตายหรือไง,0
ผีเหี้ยไรเเม่งกูหมั่นใส้,0
ประกาศผิด,0
เดี๋ยวนี้ไม่มีภาพเหมือนก่อนเห็นผิดบ่อย,0
เจอแบบนี้เสียความรู้สึก,0
งานระดับนี้ผิดพลาดได้ไง,0
หมดความขลังของออสการ์,0
ไม่ได้รางวัลยังไม่อายขนาดนี้,0
โหด,0
ลามก,0
ขยะแขยง,0
เสือก,0
อิจฉาสิ,0
คอยเอาก้อนหินเขวี้ยงเห่าตามทาง,0
มันนินทา,0
ผีห่าหมูหมาเรื่องนินทาอยู่,0
อยู่เมืองดัดจริตเนี่ยมันอยู่ยากจริงเนอะ,0
แพ้แล,0
โดนแทงตาย,0
ตายในหลุม,0
เถื่อน,0
มันขาดความการน้ำต่อเพื่อนมนุษย์,0
พูดไม่รู้เรื่อง,0
อดอยากไม่มีเงิน,0
อดตาย,0
สุดท้ายโดนหลอก,0
เศรษฐกิจตกต่ำตกงาน,0
หิวข้าว,0
โกรธ,0
สยองเกินบรรยาย,0
ไฟไหม้ป่า,0
เข้าผิด,0
ไม่กล้า,0
ทิ้ง,0
เสียไปง่าย,0
อารมณ์เสีย,0
เลิก,0
เศร้า,0
ทำเหี้ยไรผิด,0
ฉิบหาย,0
ประชด,0
ขอเถียงขาดดิ้น,0
เห็นร้องไห้,0
หดหู่,0
เจ็บคอไอไข้หวัด,0
เห็นแก่ตัว,0
อย่าคาดหวัง,0
หลงทาง,0
ป่วยไม่สบาย,0
โดนทิ้ง,0
ทุบตีไล่ออก,0
หมดความอดทน,0
เกรียน,0
ผิดหวัง,0
เพ้อเจ้อ,0
บาป,0
สังหาร,0
กลัวเสียมันไป,0
ถ้ามันเสียไปกู้กลับคือไม่เหมือนเดิม,0
หมดละมันพังไปหมดละมันไม่เหลืออะไรอีก,0
เกลียด,0
คิดมันน้อย,0
ลาก่อน,0
ทำตัวไร้ค่า,0
ทะเลาะ,0
หลอกลวง,0
งง,0
อวดเก่ง,0
กากเทห์ไม่เรื่อง,0
อยู่ไม่ว่า,0
ตามไม่ทัน,0
ความเสี่ยง,0
น่าสงสาร,0
เจนน็อค,0
ลาออกจากงาน,0
เหนื่อยและเพลียก,0
ถีบตกบันได,0
ขายไม่ออก,0
อกหักเพราะบอกเลิก,0
พังยับเยิน,0
ฉันผิดเอง,0
นรกของชั่ว,0
ตกนรกทั้ง,0
แสบท้อง,0
แสบแก้วหู,0
ไม่เพราะ,0
เสียเวลา,0
มองโลกแง่ร้าย,0
ร้ายกาจ,0
ร้ายหลบหนีความผิด,0
กดดัน,0
กดขี่เรียกค่าไถ่,0
กักขังสงสัย,0
กระชากหน้ากากร้าย,0
กระวนกระวาย,0
ก่อกวน,0
ก่อกรรมทำเข็ญ,0
เรื่องกรุ่ม,0
ยัดเยียดข้อกล่าวหา,0
หลบหนีเข้าโดยไม่รับอนุญาต,0
เข้,0
โดดตบหน้าเฟีย,0
หลบหนีภาษี,0
แพ้พนัน,0
หมกมุ่นในเรื่องเพศเกินไป,0
ก่อมลพิษให้แวดล้อม,0
ภาวะโลกร้อน,0
โลกร้อน,0
ไม่,0
ปากทำพูดไม่รู้เรื่องอะไร,0
เดินลำพังเยว,0
หยุดเล่น,0
ตัดไม้ทำลายป่า,0
บุกรุกป่าไม้,0
ทำลาย,0
โลกร้อนเกิดจากการตัดไม้ทำลายป่า,0
ทำล้มเหลว,0
ไม่เหะสม,0
ไม่โปรด,0
แอบอ้างหลอกลวง,0
พวกร,0
ระยำ,0
ชิบหาย,0
สาส,0
ป่าเถื่อน,0
สอบตก,0
เบื่อโรคอ้วน,0
ล้มตกบันได,0
แทบขาด,0
รู้ตัวว่าไม่เหมือนใคร,0
ปิดกั้น,0
ท้อ,0
ถูก,0
ห่วย,0
ไม่ตอบรับกลับ,0
หมดอายุ,0
สงครามความสูญเสีย,0
เข่าอ่อน,0
โดนเหยียด,0
กังวล,0
มองโลกในแง่ร้าย,0
โกรธง่ายฉุนเฉียวบ่อย,0
อ่อนเพลียง่าย,0
ว้าวุ่น,0
คิดไม่ตก,0
อ้วกไม่สบาย,0
รู้สึกแย่จัง,0
ซ้ำรัก,0
สละสิทธิ์,0
ตกสัมภาษณ์,0
บ่น,0
ไว้อาลัย,0
พรากจากไป,0
งี่เง่า,0
ประชดประชัน,0
ข่มจุดด้อย,0
เลอะเทอะ,0
ย้อนแย้ง,0
ละเมิดทำร้ายอื่น,0
เลื่อนหาย,0
เหยียด,0
ไม่ระวังจึงเกิดอุบัติเหตุ,0
เจ็บเกินพอหรือยังเมื่อไรพอซะทีต่างต่างรู้ว่าทำไม่,0
แทงดำ,0
มั่วแม่ง,0
เซ็งเบื่อ,0
ลีลาน่ารำคาญจริง,0
เกียจคร้าน,0
ทำงานแสนเข็ญ,0
เลือดไหล,0
รับความเสียหาย,0
โกง,0
เสียวตกบันได,0
โดนแบน,0
วิบัติ,0
อาบัติ,0
ล่วงละเมิด,0
ไร้สาระ,0
บรรลัย,0
เมื่อยหลายๆ,0
หล่นหาย,0
มลทิน,0
มลพิษ,0
ยาพิษ,0
เซ็ง,0
พูดจาหไม่แดก,0
เห็บ,0
เพชฌฆาต,0
ชกมก,0
อัปมงคล,0
อัปยศ,0
ล้อเลียน,0
ขัดข้อง,0
ปัญหา,0
ข้อพิพาทยังไม่ยุติ,0
คอมมิวนิสต์เผด็จการ,0
หนี้สิน,0
เหินห่าง,0
อู้งาน,0
ขัดขืน,0
ปลดระวาง,0
ข่มขืน,0
กระทืบ,0
กระทำชำ,0
กระทำอนาจาร,0
แก่งแย่งชิง,0
ข่มขวัญ,0
ขัดขวาง,0
ขี้โม้,0
คดโกง,0
คลื่นไส้,0
คลาดเคลื่อน,0
คว่ำบาตร,0
คอร์รัปชัน,0
คัดค้าน,0
เคร่งเครียด,0
ถูก,0
หมิ่น,0
ทุบตี,0
ดำ,0
เนร,0
แตกสลาย,0
ขาดดุล,0
ขาดทุน,0
หลบหน้า,0
เดือดเนื้อร้อน,0
โง่ปัญญาอ่อน,0
อืดช้า,0
แผลหมดสนุก,0
ความเหลื่อมล้ำ,0
จากหรือจากตายสุดท้ายจากไป,0
เหลือความทรงจำรอลืมเลือน,0
ไม่รอยยิ้ม,0
ตอกย้ำความเจ็บปวด,0
ไม่เมตตาปราณี,0
สายเกินไป,0
พลัดพราก,0
กักขัง,0
สยองขวัญ,0
ด่าหีแหก,0
ไร้สาระ,0
โกหก,0
ดันทุรังดื้อดึง,0
กวนตีน,0
เวิ้งว้าง,0
ไว้อาลัย,0
ซ้ำ,0
ตัณหา,0
ลืมตัว,0
โง่เขลา,0
สาบสูญ,0
จรจัด,0
งอแง,0
ขัดผลประโยชน์,0
ฉิบหาย,0
สมเพช,0
เบียดเบียน,0
ขยะสังคมสัส,0
ด่าลับหลัง,0
เสียดสี,0
มะเร็ง,0
อคติ,0
ไม่ทันคิด,0
แหกตา,0
ไม่รู้จักโลก,0
โวยวาย,0
เฮงซวย,0
แม่งมั่วซั่วไปหมด,0
เสียสติด้วยความคลั่ง,0
อุปสรรค,0
ขัดสน,0
ทวงแค้น,0
กลุ้มอึดอัด,0
ไม่ไหว,0
อันตรายถึงตาย,0
งงงวย,0
ก้าวร้าว,0
ยากก,0
เบลอ,0
ปล้น,0
โดนดุ,0
อุบาท,0
ครหา,0
โสโครก,0
หายนะ,0
กระวนกระวาย,0
เวียนหัว,0
ซ้ำร้าย,0
ฟุ้งเฟ้อ,0
ฟุ่มเฟือย,0
ด้านลบ,0
หงุดหงิด,0
ไม่เนียน,0
ประจาน,0
ดับอนาถ,0
เศร้าสลดเสีย,0
ยกเลิก,0
ถลอก,0
เจตนาไม่ดี,0
อ่อนเพลีย,0
ระงับ,0
สิ้นเปลือง,0
วังเวงน่าสยดสยอง,0
เยาะเย้ย,0
อิจฉาริษยา,0
เบียดเสียดเยียดยัด,0
เกะกะ,0
อาฆาตดร้าย,0
หมิ่นประท,0
หมิ่น,0
สาปแช่ง,0
โจมตี,0
ผิดเพี้ยน,0
คงร้องไห้,0
ไม่เข้า,0
ระแวง,0
ย่อยยับ,0
สกปรก,0
อัปปรี,0
เหน็บแนม,0
ติดคุก,0
ขาดแคลน,0
คุกคาม,0
โกรธแคือง,0
ล้าหลัง,0
ยุ่งยาก,0
ริดรอน,0
นักเลง,0
กำพร้า,0
พาล,0
บิดเบือน,0
กลั่นแกล้ง,0
ขัดแข้งขัดขา,0
ขัดผลประโยชน์,0
หกล้ม,0
ย่อท้อ,0
เหงา,0
โรยร่วง,0
บ่ฮัก,0
คลุมเครือ,0
ยาจก,0
เสแสร้งจอมปลอม,0
ตอแหล,0
ช็อค,0
ล่าช้า,0
โมโห,0
เหยียดหยาม,0
หวั่นไหว,0
สูญเสีย,0
ตำหนิ,0
แตกแยก,0
ด่างพร้อย,0
หยาบคาย,0
พังทลาย,0
ทรุดโทรม,0
แตกหัก,0
กบฏ,0
ข่มเหง,0
ยุ่งเหยิง,0
โลเล,0
ชิ,0
ชิชะ,0
ชิชิ,0
แล้ว,0
ว้า,0
เสร็จ,0
เสร็จเลย,0
หือ,0
หน็อยแน่,0
อูย,0
โอย,0
โอ๊ย,0
แฮก,0
สัสเสีอก,0
อีเหี้ย,0
เจ็บแสบ,0
ลาก่อน,0
ดี,1
ขอบคุณ,1
สู้เสมอ,1
ผ่าน,1
โคตรสนุก,1
สุดยอด,1
น่ารัก,1
ขอบคุณทุก,1
คงคิดถึง,1
เก็บเวลาที่ดีให้เราได้จดจำ,1
ทำข้อสอบให้ได้,1
สู้,1
รอยยิ้มในความทรงจำ,1
ทุกนี้ฉันคิดถึง,1
ความทรงจำที่ดีเหลือเกิน,1
รักมาก คิดถึงมาก,1
ดีใจ,1
รัก,1
ห่วง,1
รักแฟนขี้บ่นจัง,1
ขอบคุณผู้ใจดี,1
มิตรภาพดี,1
ที่รัก,1
ชอบจัง,1
ความทรงจำที่ยังสวยงาม,1
ช่วงเวลาที่รู้จักถึงจะไม่นานแต่คือช่วงที่ดีที่สุด,1
เปลี่ยนไปรัก รักจนหมดหัวใจ,1
ดีใจด้วย,1
ปลอดภัย,1
ทรงพระเจริญ,1
ใจเย็น,1
ดูแลตัวเองด้วย,1
ขอบคุณมิตรภาพดี เพื่อนที่ดี,1
โอกาศดี แบบนี้ห้ามพลาด,1
ขอบคุณ,1
ง่าย,1
มองโลกในแง่ดี,1
ไม่ต้องกลัว,1
คุณโชคดีกว่าหลายมาก,1
อดทนต่อไป,1
ชอบใครก็ชวนมาลองชิมที่คุณทำ,1
ดูแลตัวเองก็มั่นใจในตัวเองมากขึ้นยิ้มบ่อย,1
คบนาน สนิทมาก เดี๋ยวก็หาย,1
ใช้ความรักพลัง,1
ไม่ขี้งอนไม่น้อยใจใครแม้แต่เพื่อนสนิท,1
รักตัวเองให้มาก,1
ไม่ต้องคิดมาก,1
กำลังใจให้,1
พรุ่งนี้ต้องดีกว่านี้,1
ความมิตร  จริงใจ  ทำดีต่อ,1
ขอบใจมาก,1
โคตรหล่อ,1
หยุดยิ้มไม่ได้,1
อารมณ์ดีเพราะความสุข,1
ทั้งคู่เหมาะสมมาก,1
สวยงามมาก,1
สิ่งที่รู้สึกอยากเห็นมาก,1
เค้าดี,1
บรรยากาศอบอุ่นดีมาก,1
ชอบจัง,1
ขำตลกจริง,1
ดี,1
ทำไมน่ารักขนาดนี้,1
น่ารักมาก อบอุ่น,1
เดินทางปลอดภัย,1
อบอุ่นจัง,1
โครตฮาหัวเราะอร่อยมาก,1
ชอบ,1
ไม่เดือดร้อน,1
ทำไมน่าร๊าก,1
นี่ถือตัวอย่างที่ดี,1
อวยพร,1
โชคดี,1
อย่าได้ไปหวังอะไรลม แล้ง,1
ความหวังในอนาคต,1
เขียนได้ดีอ่านเพลินมาก,1
อย่าปล่อยให้อดีตทำร้ายปัจจุบัน,1
เธอคงความสุขดีในที่ฉันความสุขเธอ,1
ขอให้ความสุข,1
ความรู้สึกที่ยังเหมือนเดิม,1
ให้โอกาส,1
ความสุข,1
ประโยชน์,1
รัก,1
ดีที่สุด,1
ดีใจความสุข,1
ยังไม่ลืม,1
ชอบที่เธอแกล้งเราแอบไปยิ้ม,1
กินของอร่อยความสุข,1
สาธุ,1
เอาเงินมาบริจาค,1
ความพยายามอยู่ที่ไหนความสำเร็จอยู่ที่นั้น,1
สวยรวยเก่งค่าการศึกษา,1
น่าอยู่น่าเที่ยว,1
ข้อดี,1
สะดวกง่ายเข้าใจเร็วนึกออกง่าย,1
ไม่เสียใจ,1
การค้นพบที่น่าตื่นเต้นที่สุด,1
สบายใจ,1
ชัดเจน,1
ยังรอดชีวิต,1
ถ่ายทำได้ดีมากมุมสวย,1
มองเย็นใจ,1
จังหวะดีฝีมือเทพน่านับถือ,1
นี้ฟ้าโปร่งสดใส,1
เห็นชัดเจน,1
ทัศนียภาพตื่นตาตื่นใจ,1
เพลิดเพลินทิวทัศน์,1
น่าสนดีเหมือนแปลกใหม่น่าท้าลอง,1
กำลังกลับมา,1
สุขสันต์เกิด,1
สวัสดีปีใหม่,1
รัก,1
วิเศษรอยยิ้มสายตาอบอุ่น,1
ขอบคุณทุกครั้งที่คอยปลอบฉัน,1
ชัดเจนแค่เห็นก็ชื่นใจ,1
ตื่นเต้น,1
น่ารักที่สุด,1
เข้าใจตรง,1
ความทรงจำดี,1
คิดถึงเหมือน,1
ดวงดี,1
ให้โอกาสแก้ตัว,1
สอบได้,1
สอบติด,1
เย้ดีใจด้วย,1
อดทนไว้,1
สิ่งดีงามควรรักษา,1
ความสุขง่ายขึ้นอยู่ใจ,1
อย่าทิ้งเค้า,1
สำคัญ,1
เข้มแข็งเข้าไว้สู้,1
เห็นด้วย,1
พูดดี,1
แคร์ตัวเอง,1
บินไปให้ถึงฝัน,1
การทำความดี,1
ชนะใจด้วยการกระทำ,1
ความสมบูรณ์แบบ,1
ความสุขในความคิด,1
ชื่นชมทำได้ดีมาก,1
ปังมาก,1
ดีช่วยที่กำลังจะตกจากอาคารสูงน่าชื่นชม,1
ชอบช่วยเหลือผู้อื่น,1
มิตรภาพที่ดีที่สุด,1
เชื่อมั่นคุณธรรมความดี,1
หอมน่ากิน,1
อยากรัก,1
น่าเรียนจัง,1
น่ากินน่าอร่อย,1
ยินดีที่ได้รู้จัก,1
ใส่บาตรทำบุญ,1
นี้ที่ดี,1
สู้ต่อไปสู้ต่อ,1
แคร์ความรู้สึก,1
เราโอเค,1
ผูกพัน,1
มากอดมา,1
สนใจ,1
กำลังใจ,1
สำคัญสุด,1
ขอข้ารองพระบาททุกชาติไป,1
ไม่ไหนไม่คิดถึง,1
เรารักในหลวง,1
อยากรู้จักจัง,1
ยกความดีความชอบให้,1
ช่วงที่ดีที่สุด,1
ไทยไม่ทิ้งเร่งช่วยเหลือ,1
เหลือเชื่อมาก,1
น่าตื่นเต้นและยิ่งใหญ่มาก,1
เจ๋งไป,1
ทำทุกอย่างเพื่อปกป้องโลก,1
อดใจรอไม่ไหว,1
พอใจการทำงาน,1
ภาคภูมิใจ,1
ศรัทธา,1
เจริญเติบโตอย่างแข็งแกร่งและสวยงาม,1
ตอบแทนความหวังดีด้วยการตั้งใจเรียนตั้งใจทำงาน,1
อยากกลับไปรื้อฟื้นความทรงจำดี,1
พยายามสุดความสามารถ,1
จะสู้จนกว่าจะชนะ,1
สนุกมาก,1
สนุกสนาน,1
ฉันเคยเกือบพลาดสิ่งที่ดีที่สุดในชีวิต,1
ขอบคุณที่รัก,1
อย่ายอมแพ้,1
ถึงเส้นชัย,1
ชัยชนะสิ่งที่คุ้มค่า,1
อย่าอ่อนแอแม้จะร้องไห้,1
อย่าอ่อนแอร้องไห้ไปสู้,1
ศรัทธาไม่ท้อ,1
อร่อยที่สุดในโลก,1
จุดมุ่งหมายอันทะเยอทะยาน,1
เซอร์ไพรส์,1
จะไม่ลืมดีนี้,1
สู้สู้,1
นับช่วงชีวิตที่ดีที่สุดแม้แค่เพียงเวลาสั้น,1
มาเชียร์เพื่อน,1
รักให้ทำปากจู๋ขอหัวใจละดวงจุ้บ,1
พยายามแบ๊ว,1
ดีที่สุด,1
ขอกำลังใจหน่อย,1
ทุกพูดความจริง,1
เธอน่ารักจังทำให้ใจเซ,1
กล้องของที่สวยงาม,1
ข่าวดีมาบอก,1
น่ารักแถมความรู้ด้วยสนใจป่าว,1
เธอเรียบร้อย,1
ชอบจิตใจดีและขยันมากกว่า,1
ปรบมือตามระเบียบ,1
น้ำใจนักกีฬา,1
ปลอดภัยไว้ก่อนป้องกันไว้,1
เข้าใจง่ายสะดวกรวดเร็ว,1
คุณค่าที่คู่ควร,1
น่ารักอ่ะอยากเดินจับมือไปจนแก่,1
ว้อนอยากได้,1
ไม่อดตาย,1
สนับสนุนส่งเสริมความสามัคคี,1
อยู่ไหนก็รักเหมือนเดิม,1
ขอกอดหน่อย,1
ดีเนาะ,1
ฝันดี,1
ของอร่อยน่ากิน,1
เห็นด้วย,1
ดีต่อใจ,1
ประหยัด,1
เชียร์,1
สดใส,1
เก่งขึ้นมาก,1
ขอบคุณที่ติดตาม,1
ฝีมือพัฒนาเร็วมาก,1
คำพูดหวานหวาน,1
หวานน่ากิน,1
จีบหวาน,1
คบไหม,1
แอบรัก,1
คาดหวัง,1
เขิน,1
เพื่อนรัก,1
ได้ฉันก็ได้,1
ฝึกฝนจนเก่ง,1
ชอบความรู้สึกแบบนี้น่ะ,1
ตั้งเเต่เราคุยเหมือนเราเจอมากขึ้น,1
ให้นึกถึง,1
เชื่อมั่นในตนเอง,1
แรงบันดาลใจให้ใฝ่เรียน,1
ห่วงเสมอ,1
ได้ฟังเพลงที่ชอบ,1
แบบโมเม้นที่ความรักรักเราทำอะไรซักอย่างให้เรามั่นใจแบบนี้ได้โคตรปลื้มใจ,1
ถึงแพ้ก็จะไม่ยอมถอย,1
ลาก่อนเดี๋ยวได้เจออีก,1
สู้ไม่ถอย,1
จุดหมายไม่ไกลเกินจริง,1
ตามทัน,1
มั่นคง,1
สุขใจขอบคุณเวลา,1
คุยได้,1
ความรู้สึกไว้เติมใจ,1
ขอบใจ,1
ขายดี,1
ไว้เจออีกทีในเวลาที่เหมาะสม,1
รักอยู่เคียงข้างเสมอ,1
แฮปปี้ความสุขรักเสมอ,1
ชมว่าสวยขึ้นน่ารักขึ้น,1
ของน่ารัก,1
บรรยากาศดีสีสัน,1
ของโปรด,1
สวรรค์,1
เพราะจัง,1
เพลงไพเราะมาก,1
พรวิเศษ,1
เรื่องน่ายินดีใจมาก,1
กล้าหาญ,1
การันตี,1
อนุมัติ,1
ตัดสินใจได้เด็ดขาด,1
ตัดสินคดีอย่างยุติธรรม,1
อนุญาตให้เข้ามาได้,1
รักษ์โลกรักษ์สิ่งแวดล้อม,1
ง่ายที่ใครก็ทำได้,1
ออกกำลังกาย,1
รีไซเคิลนำกลับมาใช้ใหม่ลดโลกร้อน,1
ช่วยลดโลกร้อนด้วยการรณรงค์ร่วมมือลดมลพิษ,1
อยู่อย่างพอเพียงปลูกผักปลอดสารพิษ,1
โอเะไม่เสียใจ,1
สร้างสันติภาพ,1
จงนับถือตัวเองให้มากพอที่จะรู้ว่าคู่ควรสิ่งที่ดีที่สุด,1
ความท้าทายสิ่งที่ทำให้ชีวิตน่าสนใจแต่การเอาชนะให้ได้สิ่งที่ทำให้ชีวิตความหมาย,1
อนาคตของขึ้นอยู่สิ่งที่ทำในนี้ไม่ใช่พรุ่งนี้,1
อย่าเพิ่งยอมแพ้จุดเริ่มต้นนั้นมักจะยากที่สุดเสมอ,1
สิ่งเดียวที่แน่นอนที่สุดในชีวิตคือความเปลี่ยนแปลง,1
ความรักชนะความรักความสงบสุข,1
ทุกที่ประสบชัยชนะในสิ่งใดที่ทำต้องเต็มใจตั้งใจ,1
ความปรารถนาอันร้อนแรงชัยชนะความสำเร็จ,1
จงแน่วแน่ในการตัดสินใจแต่ให้ยืดหยุ่นการลงมือทำ,1
ความมั่นใจมาจากการไม่กลัวที่จะทำอะไรผิด,1
วิธีให้กำลังใจตัวเองที่ดีที่สุดคือการให้กำลังใจอื่น,1
ก็ได้ค้นพบตัวเอง,1
สิ่งนี้เกิดขึ้นจากแรงบันดาลใจ,1
ไตร่ตรองและมองด้านบวกเข้าไว้ ,1
การเริ่มต้นทำสิ่งเดิมอีกครั้งอย่างชาญฉลาดกว่าเดิม,1
ฮาขำ,1
ราตรีสวัสดิ์,1
กล้าคิดกล้าทำ,1
ทำความดี,1
เธอคือทุกอย่างในชีวิต,1
สดชื่นใจอากาศดีนี้,1
อีกไม่นานเกินรอทุกอย่างจะดีขึ้น,1
สัญญาว่ารักเธอเดียว,1
แน่ใจว่าทำได้แน่นอน,1
สอบผ่าน,1
รักเสมอ,1
ของขวัญที่ค่า,1
สมหวังทุกประการ,1
อยากให้เธออยู่เคียงข้างฉันอย่างนี้ทุกคืนอย่างนี้ตลอดไป,1
พร้อมที่จะเผชิญความจริง,1
รูปนี้รู้สึกอบอุ่น,1
อย่างน้อยสนใจ,1
ยิ้ม,1
กำลังใจ,1
ฝัน,1
แรงใจ,1
ดวงใจลุกโชนความหวัง,1
แสงงสว่างส่องใจ,1
การชำระจิตหรือใจให้ผ่องใสสิ่งสำคัญที่สุดที่พึ่งปรารถนาที่สุดของผู้ปัญญาทั้งหลาย,1
ทำจิตให้สงบจะพบทางออก,1
ความพร้อมอยู่ที่เรา,1
ลงมือทำอย่างต่อเนื่องเท่านั้นเอง,1
ไม่ถูกตัวเอง,1
ต้องเชื่อในศักยาภาพของคุณและความพยายามที่,1
นี่สิ่งล้ำค่า,1
ห่วงใย,1
สันติภาพสิ่งที่คาดหวัง,1
หยิบยื่นโอกาส,1
สานต่อความฝันให้จริง,1
ไม่ต้องกังวลใจ,1
มองโลกในแง่ดี,1
ทำได้ดีกว่านี้อีก,1
อยากให้อ่านกำลังใจขึ้น,1
อดทนรอฟ้าใส,1
เจอที่ใช่และพร้อมฝ่าฟันทุกอย่างไปเรา,1
เดินสายปฎิบัติธรรมไปวัดทำบุญ,1
พบมุมมองดี,1
ที่ปรึกษาที่ดี,1
ผ่านสัมภาษณ์,1
ปรับปรุง,1
ที่ยึดเหนี่ยวทางใจ,1
ทัศนคติที่ดี,1
แนวทางแก้ปัญหา,1
มองโลกกว้าง,1
ศักดิ์ศรี,1
ไม่เลื่อนหาย,1
ความรวมน้ำใจรวมพลัง,1
คุณภาพดี,1
ขอให้ปราถนาที่ตั้งใจไว้ด้วย,1
ยิ้มรอดีกว่า,1
ทำให้ศรัทธาที่จะรำลึกถึงพระเพื่อดำรงพระศาสนาให้ยืนนานสาธุ,1
สาธุคำสอนที่ตรงและถูกต้องที่สุด,1
ประพฤติดี,1
เอง,1
ให้ข้อคิดดี,1
บุญกุศล,1
รักเสมือนพี่น้อง,1
ชนะเลิศ,1
ได้รางวัลเหรียญทอง,1
ให้อภัย,1
รักษาโรค,1
เข้าใจดี,1
ทำให้ดีกว่าเดิม,1
เบิกบาน,1
เชิดชู,1
เชิดหน้าชูตา,1
สามัคคีหนึ่งเดียว,1
เกียรติยศ,1
การกุศล,1
คึกครื้น,1
เตรียมตัวให้พร้อม,1
เสรีภาพบนเสรีประชาธิปไตย,1
คุ้มค่า,1
สุภาพเรียบร้อย,1
ขัดขืนต่อสู้เพื่อป้องกันตัวเอง,1
ประทับใจ,1
สาระประโยชน์,1
กลับตัวกลับใจดี,1
ได้กำไร,1
คลี่คลาย,1
โล่งใจ,1
รวดเร็วทันใจ,1
ใจเย็น,1
ตอกย้ำความทรงจำดี,1
หวานใจ,1
เมตตาปราณี,1
พัฒนาตนเองสม่ำเสมอด้วยความไม่ย่อท้อ,1
สานฝันให้จริง,1
อาสา,1
อยากกอด,1
เตือนสติ,1
สันติสุข,1
สำนึก,1
เลือกตามใจ,1
โครตน่ารัก,1
มหัศจรรย์,1
สิ่งพิเศษ,1
วิเศษ,1
ผ่อนคลาย,1
ยอมรับ,1
เจริญรุ่งเรือง,1
เสียสละ,1
ไถ่โทษ,1
ไถ่บาป,1
อบอวล,1
สะอาด,1
เอาใจใส่,1
ภาวนา,1
ฟุ้งเฟื่อง,1
เกียรติคุณ,1
ด้านบวก,1
ปลื้มดีใจ,1
คึกคัก,1
เจตนาดี,1
จิตแจ่มใส,1
เปรี้ยงปร้าง,1
ฮิต,1
ที่นิยม,1
ปลอบใจ,1
ปรองดอง,1
ไมตรี,1
มารยาท,1
รอบคอบ,1
บริสุทธิ์ใจ,1
เคารพนับถือ,1
วุฒิภาวะ,1
สุขุม,1
ฟื้นฟู,1
ล้ำสมัย,1
ดีที่สุด,1
ทันเวลาพอดี,1
สุจริต,1
น่าเชื่อถือ,1
เท่ห์,1
ไว้วางใจ,1
เสน่ห์,1
ทรงพลัง,1
ฮัก,1
ทุ่มเท,1
ภักดี,1
งอกงาม,1
คุ้มครอง,1
พึ่งพา,1
พึ่งพิง,1
ยิ้มแย้ง,1
ประเสริฐ,1
คลี่คลาย,1
เที่ยงธรรม,1
ชดเชย,1
เอื้อเฟื้อเผื่อแผ่,1
เยียวยา,1
คล่องตัว,1
คล่องแคล่ว,1
อุทิศ,1
เอ็นดู,1
เพียงพอ,1
เพลิดเพลิน,1
ถูกใจ,1
ไลค์,1
อลังการ,1
ว้าย,1